timestamp_local,781C3CA61718_wind_speed_value
2026-01-30T00:00:39,0
2026-01-30T00:01:39,0
2026-01-30T00:02:39,0
2026-01-30T00:03:39,0
2026-01-30T00:04:39,0
2026-01-30T00:05:39,0
2026-01-30T00:06:39,0
2026-01-30T00:07:39,0
2026-01-30T00:08:40,0
2026-01-30T00:09:39,0
2026-01-30T00:10:39,0
2026-01-30T00:11:40,0
2026-01-30T00:12:40,0
2026-01-30T00:13:40,0
2026-01-30T00:14:40,0
2026-01-30T00:15:40,0
2026-01-30T00:16:40,0
2026-01-30T00:17:40,0
2026-01-30T00:18:40,0
2026-01-30T00:19:40,0
2026-01-30T00:20:40,0
2026-01-30T00:21:40,0
2026-01-30T00:22:40,0
2026-01-30T00:23:41,0
2026-01-30T00:24:40,0
2026-01-30T00:25:40,0
2026-01-30T00:26:41,0
2026-01-30T00:27:41,0
2026-01-30T00:28:40,0
2026-01-30T00:29:41,0
2026-01-30T00:30:41,0
2026-01-30T00:31:41,0
2026-01-30T00:32:41,0
2026-01-30T00:33:41,0
2026-01-30T00:34:41,0
2026-01-30T00:35:41,0
2026-01-30T00:36:41,0
2026-01-30T00:37:41,0
2026-01-30T00:38:41,0
2026-01-30T00:39:41,0
2026-01-30T00:40:42,0
2026-01-30T00:41:41,0
2026-01-30T00:42:42,0
2026-01-30T00:43:42,0
2026-01-30T00:44:42,0
2026-01-30T00:45:42,0
2026-01-30T00:46:42,0
2026-01-30T00:47:42,0
2026-01-30T00:48:42,0
2026-01-30T00:49:42,0
2026-01-30T00:50:42,0
2026-01-30T00:51:42,0
2026-01-30T00:52:42,0
2026-01-30T00:53:42,0
2026-01-30T00:54:42,0
2026-01-30T00:55:42,0
2026-01-30T00:56:43,0
2026-01-30T00:57:42,0
2026-01-30T00:58:43,0
2026-01-30T00:59:43,0
2026-01-30T01:00:43,0
2026-01-30T01:01:43,0
2026-01-30T01:02:43,0
2026-01-30T01:03:43,0
2026-01-30T01:04:43,0
2026-01-30T01:05:43,0
2026-01-30T01:06:43,0
2026-01-30T01:07:43,0
2026-01-30T01:08:43,0
2026-01-30T01:09:43,0
2026-01-30T01:10:43,0
2026-01-30T01:11:44,0
2026-01-30T01:12:43,0
2026-01-30T01:13:44,0
2026-01-30T01:14:44,0
2026-01-30T01:15:43,0
2026-01-30T01:16:44,0
2026-01-30T01:17:44,0
2026-01-30T01:18:44,0
2026-01-30T01:19:44,0
2026-01-30T01:20:44,0
2026-01-30T01:21:44,0
2026-01-30T01:22:44,0
2026-01-30T01:23:44,0
2026-01-30T01:24:44,0
2026-01-30T01:25:44,0
2026-01-30T01:26:45,0
2026-01-30T01:27:44,0
2026-01-30T01:28:44,0
2026-01-30T01:29:45,0
2026-01-30T01:30:45,0
2026-01-30T01:31:44,0
2026-01-30T01:32:45,0
2026-01-30T01:33:45,0
2026-01-30T01:34:45,0
2026-01-30T01:35:45,0
2026-01-30T01:36:45,0
2026-01-30T01:37:45,0
2026-01-30T01:38:45,0
2026-01-30T01:39:45,0
2026-01-30T01:40:45,0
2026-01-30T01:41:45,0
2026-01-30T01:42:46,0
2026-01-30T01:43:45,0
2026-01-30T01:44:45,0
2026-01-30T01:45:46,0
2026-01-30T01:46:46,0
2026-01-30T01:47:46,0
2026-01-30T01:48:46,0
2026-01-30T01:49:46,0
2026-01-30T01:50:46,0
2026-01-30T01:51:46,0
2026-01-30T01:52:46,0
2026-01-30T01:53:46,0
2026-01-30T01:54:46,0
2026-01-30T01:55:46,0
2026-01-30T01:56:46,0
2026-01-30T01:57:46,0
2026-01-30T01:58:46,0
2026-01-30T01:59:47,0
2026-01-30T02:00:46,0
2026-01-30T02:01:47,0
2026-01-30T02:02:47,0
2026-01-30T02:03:47,0
2026-01-30T02:04:47,0
2026-01-30T02:05:47,0
2026-01-30T02:06:47,0
2026-01-30T02:07:47,0
2026-01-30T02:08:47,0
2026-01-30T02:09:47,0
2026-01-30T02:10:47,0
2026-01-30T02:11:47,0
2026-01-30T02:12:47,0
2026-01-30T02:13:48,0
2026-01-30T02:14:47,0
2026-01-30T02:15:47,0
2026-01-30T02:16:48,0
2026-01-30T02:17:48,0
2026-01-30T02:18:48,0
2026-01-30T02:19:48,0
2026-01-30T02:20:48,0
2026-01-30T02:21:48,0
2026-01-30T02:22:48,0
2026-01-30T02:23:48,0
2026-01-30T02:24:48,0
2026-01-30T02:25:48,0
2026-01-30T02:26:48,0
2026-01-30T02:27:48,0
2026-01-30T02:28:49,0
2026-01-30T02:29:49,0
2026-01-30T02:30:48,0
2026-01-30T02:31:49,0
2026-01-30T02:32:49,0
2026-01-30T02:33:49,0
2026-01-30T02:34:49,0
2026-01-30T02:35:49,0
2026-01-30T02:36:49,0
2026-01-30T02:37:49,0
2026-01-30T02:38:49,0
2026-01-30T02:39:49,0
2026-01-30T02:40:49,0
2026-01-30T02:41:49,0
2026-01-30T02:42:49,0
2026-01-30T02:43:49,0
2026-01-30T02:44:50,0
2026-01-30T02:45:49,0
2026-01-30T02:46:50,0
2026-01-30T02:47:50,0
2026-01-30T02:48:50,0
2026-01-30T02:49:50,0
2026-01-30T02:50:50,0
2026-01-30T02:51:50,0
2026-01-30T02:52:50,0
2026-01-30T02:53:50,0
2026-01-30T02:54:50,0
2026-01-30T02:55:50,0
2026-01-30T02:56:50,0
2026-01-30T02:57:50,0
2026-01-30T02:58:50,0
2026-01-30T02:59:50,0
2026-01-30T03:01:50,0
2026-01-30T03:02:51,0
2026-01-30T03:03:51,0
2026-01-30T03:04:51,0
2026-01-30T03:05:51,0
2026-01-30T03:06:51,0
2026-01-30T03:07:51,0
2026-01-30T03:08:51,0
2026-01-30T03:09:51,0
2026-01-30T03:10:51,0
2026-01-30T03:11:51,0
2026-01-30T03:12:51,0
2026-01-30T03:13:51,0
2026-01-30T03:14:51,0
2026-01-30T03:15:52,0
2026-01-30T03:16:51,0
2026-01-30T03:17:52,0
2026-01-30T03:18:52,0
2026-01-30T03:19:52,0
2026-01-30T03:20:52,0
2026-01-30T03:21:52,0
2026-01-30T03:22:52,0
2026-01-30T03:23:52,0
2026-01-30T03:24:52,0
2026-01-30T03:25:52,0
2026-01-30T03:26:52,0
2026-01-30T03:27:52,0
2026-01-30T03:28:52,0
2026-01-30T03:29:52,0
2026-01-30T03:30:53,0
2026-01-30T03:31:53,0
2026-01-30T03:32:52,0
2026-01-30T03:33:53,0
2026-01-30T03:34:53,0
2026-01-30T03:35:53,0
2026-01-30T03:36:53,0
2026-01-30T03:37:53,0
2026-01-30T03:38:53,0
2026-01-30T03:39:53,0
2026-01-30T03:40:53,0
2026-01-30T03:41:53,0
2026-01-30T03:42:53,0
2026-01-30T03:43:53,0
2026-01-30T03:44:53,0
2026-01-30T03:45:53,0
2026-01-30T03:46:54,0
2026-01-30T03:47:53,0
2026-01-30T03:48:54,0
2026-01-30T03:49:54,0
2026-01-30T03:50:54,0
2026-01-30T03:51:54,0
2026-01-30T03:52:54,0
2026-01-30T03:53:54,0
2026-01-30T03:54:54,0
2026-01-30T03:55:54,0
2026-01-30T03:56:54,0
2026-01-30T03:57:54,0
2026-01-30T03:58:54,0
2026-01-30T03:59:54,0
2026-01-30T04:00:54,0
2026-01-30T04:01:54,0
2026-01-30T04:02:54,0
2026-01-30T04:03:55,0
2026-01-30T04:04:55,0
2026-01-30T04:05:54,0
2026-01-30T04:06:55,0
2026-01-30T04:07:55,0
2026-01-30T04:08:55,0
2026-01-30T04:09:55,0
2026-01-30T04:10:55,0
2026-01-30T04:11:55,0
2026-01-30T04:12:55,0
2026-01-30T04:13:55,0
2026-01-30T04:14:55,0
2026-01-30T04:15:55,0
2026-01-30T04:16:55,0
2026-01-30T04:17:55,0
2026-01-30T04:18:56,0
2026-01-30T04:19:55,0
2026-01-30T04:20:55,0
2026-01-30T04:21:57,0
2026-01-30T04:22:56,0
2026-01-30T04:23:56,0
2026-01-30T04:24:56,0
2026-01-30T04:25:56,0
2026-01-30T04:26:56,0
2026-01-30T04:27:56,0
2026-01-30T04:28:56,0
2026-01-30T04:29:56,0
2026-01-30T04:30:56,0
2026-01-30T04:31:56,0
2026-01-30T04:32:56,0
2026-01-30T04:33:57,0
2026-01-30T04:34:56,0
2026-01-30T04:35:57,0
2026-01-30T04:36:57,0
2026-01-30T04:37:57,0
2026-01-30T04:38:57,0
2026-01-30T04:39:57,0
2026-01-30T04:40:57,0
2026-01-30T04:41:57,0
2026-01-30T04:42:57,0
2026-01-30T04:43:57,0
2026-01-30T04:44:57,0
2026-01-30T04:45:57,0
2026-01-30T04:46:57,0
2026-01-30T04:47:57,0
2026-01-30T04:48:57,0
2026-01-30T04:49:58,0
2026-01-30T04:50:58,0
2026-01-30T04:51:57,0
2026-01-30T04:52:58,0
2026-01-30T04:53:58,0
2026-01-30T04:54:58,0
2026-01-30T04:55:58,0
2026-01-30T04:56:58,0
2026-01-30T04:57:58,0
2026-01-30T04:58:58,0
2026-01-30T04:59:58,0
2026-01-30T05:00:58,0
2026-01-30T05:01:58,0
2026-01-30T05:02:58,0
2026-01-30T05:03:58,0
2026-01-30T05:04:58,0
2026-01-30T05:05:59,0
2026-01-30T05:06:58,0
2026-01-30T05:07:59,0
2026-01-30T05:08:59,0
2026-01-30T05:09:59,0
2026-01-30T05:10:59,0
2026-01-30T05:11:59,0
2026-01-30T05:12:59,0
2026-01-30T05:13:59,0
2026-01-30T05:15:00,0
2026-01-30T05:15:59,0
2026-01-30T05:16:59,0
2026-01-30T05:17:59,0
2026-01-30T05:18:59,0
2026-01-30T05:19:59,0
2026-01-30T05:21:00,0
2026-01-30T05:22:00,0
2026-01-30T05:22:59,0
2026-01-30T05:24:00,0
2026-01-30T05:25:00,0
2026-01-30T05:26:00,0
2026-01-30T05:27:00,0
2026-01-30T05:28:00,0
2026-01-30T05:29:00,0
2026-01-30T05:30:00,0
2026-01-30T05:31:00,0
2026-01-30T05:32:00,0
2026-01-30T05:33:00,0
2026-01-30T05:34:00,0
2026-01-30T05:35:00,0
2026-01-30T05:36:01,0
2026-01-30T05:37:01,0
2026-01-30T05:38:00,0
2026-01-30T05:39:01,0
2026-01-30T05:40:03,0
2026-01-30T05:41:01,0
2026-01-30T05:42:01,0
2026-01-30T05:43:01,0
2026-01-30T05:44:01,0
2026-01-30T05:45:01,0
2026-01-30T05:46:01,0
2026-01-30T05:47:01,0
2026-01-30T05:48:02,0
2026-01-30T05:49:01,0
2026-01-30T05:50:03,0
2026-01-30T05:51:02,0
2026-01-30T05:52:01,0
2026-01-30T05:53:02,0
2026-01-30T05:54:02,0
2026-01-30T05:55:02,0
2026-01-30T05:56:02,0
2026-01-30T05:57:02,0
2026-01-30T05:58:02,0
2026-01-30T05:59:02,0
2026-01-30T06:00:03,0
2026-01-30T06:01:02,0
2026-01-30T06:02:02,0
2026-01-30T06:03:02,0
2026-01-30T06:04:02,0
2026-01-30T06:05:03,0
2026-01-30T06:06:02,0
2026-01-30T06:07:02,0
2026-01-30T06:08:03,0
2026-01-30T06:09:03,0
2026-01-30T06:10:03,0
2026-01-30T06:11:03,0
2026-01-30T06:12:03,0
2026-01-30T06:13:03,0
2026-01-30T06:14:03,0
2026-01-30T06:15:03,0
2026-01-30T06:16:03,0
2026-01-30T06:17:03,0
2026-01-30T06:18:03,0
2026-01-30T06:19:03,0
2026-01-30T06:20:04,0
2026-01-30T06:21:04,0
2026-01-30T06:22:03,0
2026-01-30T06:23:04,0
2026-01-30T06:24:04,0
2026-01-30T06:25:04,0
2026-01-30T06:26:04,0
2026-01-30T06:27:04,0
2026-01-30T06:28:04,0
2026-01-30T06:29:04,0
2026-01-30T06:30:04,0
2026-01-30T06:31:04,0
2026-01-30T06:32:04,0
2026-01-30T06:33:04,0
2026-01-30T06:34:04,0
2026-01-30T06:35:04,0
2026-01-30T06:36:05,0
2026-01-30T06:37:05,0
2026-01-30T06:38:04,0
2026-01-30T06:39:05,0
2026-01-30T06:40:05,0
2026-01-30T06:41:05,0
2026-01-30T06:42:05,0
2026-01-30T06:43:05,0
2026-01-30T06:44:05,0
2026-01-30T06:45:05,0
2026-01-30T06:46:05,0
2026-01-30T06:47:05,0
2026-01-30T06:48:05,0
2026-01-30T06:49:06,0
2026-01-30T06:50:05,0
2026-01-30T06:51:05,0
2026-01-30T06:52:06,0
2026-01-30T06:53:06,0
2026-01-30T06:54:05,0
2026-01-30T06:55:06,0
2026-01-30T06:56:06,0
2026-01-30T06:57:06,0
2026-01-30T06:58:06,0
2026-01-30T06:59:06,0
2026-01-30T07:00:06,0
2026-01-30T07:01:06,0
2026-01-30T07:02:06,0
2026-01-30T07:03:06,0
2026-01-30T07:04:06,0
2026-01-30T07:05:07,0
2026-01-30T07:06:06,0
2026-01-30T07:07:07,0
2026-01-30T07:08:07,0
2026-01-30T07:09:07,0
2026-01-30T07:10:07,0
2026-01-30T07:11:07,0
2026-01-30T07:12:07,0
2026-01-30T07:13:07,0
2026-01-30T07:14:07,0
2026-01-30T07:15:07,0
2026-01-30T07:16:07,0
2026-01-30T07:17:07,0
2026-01-30T07:18:07,0
2026-01-30T07:19:07,0
2026-01-30T07:20:08,0
2026-01-30T07:21:07,0
2026-01-30T07:22:08,0
2026-01-30T07:23:07,0
2026-01-30T07:24:08,0
2026-01-30T07:25:08,0
2026-01-30T07:26:08,0
2026-01-30T07:27:08,0
2026-01-30T07:28:08,0
2026-01-30T07:29:08,0
2026-01-30T07:30:08,0
2026-01-30T07:31:08,0
2026-01-30T07:32:08,0
2026-01-30T07:33:08,0
2026-01-30T07:34:08,0
2026-01-30T07:35:09,0
2026-01-30T07:36:08,0
2026-01-30T07:37:09,0
2026-01-30T07:38:09,0
2026-01-30T07:39:09,0
2026-01-30T07:40:09,0
2026-01-30T07:41:09,0
2026-01-30T07:42:09,0
2026-01-30T07:43:09,0
2026-01-30T07:44:09,0
2026-01-30T07:45:09,0
2026-01-30T07:46:09,0
2026-01-30T07:47:09,0
2026-01-30T07:48:09,0
2026-01-30T07:49:10,0
2026-01-30T07:50:09,0
2026-01-30T07:51:10,0
2026-01-30T07:52:10,0
2026-01-30T07:53:10,0
2026-01-30T07:54:10,0
2026-01-30T07:55:10,0
2026-01-30T07:56:10,0
2026-01-30T07:57:10,0
2026-01-30T07:58:10,0
2026-01-30T07:59:10,0
2026-01-30T08:00:10,0
2026-01-30T08:01:10,0
2026-01-30T08:02:10,0
2026-01-30T08:03:10,0
2026-01-30T08:04:11,0
2026-01-30T08:05:11,0
2026-01-30T08:06:11,0
2026-01-30T08:07:11,0
2026-01-30T08:08:11,0
2026-01-30T08:09:11,0
2026-01-30T08:10:11,0
2026-01-30T08:11:11,0
2026-01-30T08:12:11,0
2026-01-30T08:13:11,0
2026-01-30T08:14:11,0
2026-01-30T08:15:11,0
2026-01-30T08:16:11,0
2026-01-30T08:17:11,0
2026-01-30T08:18:12,0
2026-01-30T08:19:12,0
2026-01-30T08:20:11,0
2026-01-30T08:21:12,0
2026-01-30T08:22:12,0
2026-01-30T08:23:12,0
2026-01-30T08:24:12,0
2026-01-30T08:25:12,0
2026-01-30T08:26:12,0
2026-01-30T08:27:12,0
2026-01-30T08:28:12,0
2026-01-30T08:29:12,0
2026-01-30T08:30:12,0
2026-01-30T08:31:13,0
2026-01-30T08:32:13,0
2026-01-30T08:33:13,0
2026-01-30T08:34:12,0
2026-01-30T08:35:13,0
2026-01-30T08:36:13,0
2026-01-30T08:37:13,0
2026-01-30T08:38:13,0
2026-01-30T08:39:13,0
2026-01-30T08:40:13,0
2026-01-30T08:41:13,0
2026-01-30T08:42:13,0
2026-01-30T08:43:13,0
2026-01-30T08:44:13,0
2026-01-30T08:45:14,0
2026-01-30T08:46:13,0
2026-01-30T08:47:13,0
2026-01-30T08:48:14,0
2026-01-30T08:49:14,0
2026-01-30T08:50:14,0
2026-01-30T08:51:14,0
2026-01-30T08:52:14,0
2026-01-30T08:53:14,0
2026-01-30T08:54:14,0
2026-01-30T08:55:14,0
2026-01-30T08:56:14,0
2026-01-30T08:57:14,0
2026-01-30T08:58:14,0
2026-01-30T08:59:14,0
2026-01-30T09:00:15,0
2026-01-30T09:01:14,0
2026-01-30T09:02:14,0
2026-01-30T09:03:15,0
2026-01-30T09:04:15,0
2026-01-30T09:05:15,0
2026-01-30T09:06:15,0
2026-01-30T09:07:15,0
2026-01-30T09:08:15,0
2026-01-30T09:09:15,0
2026-01-30T09:10:15,0
2026-01-30T09:11:15,0
2026-01-30T09:12:15,0
2026-01-30T09:13:15,0
2026-01-30T09:15:15,0
2026-01-30T09:16:16,0
2026-01-30T09:17:15,0
2026-01-30T09:18:15,0
2026-01-30T09:19:16,0
2026-01-30T09:20:16,0
2026-01-30T09:21:16,0
2026-01-30T09:22:16,0
2026-01-30T09:23:16,0
2026-01-30T09:24:16,0
2026-01-30T09:25:16,0
2026-01-30T09:26:16,0
2026-01-30T09:27:16,0
2026-01-30T09:28:16,0
2026-01-30T09:29:16,0
2026-01-30T09:30:16,0
2026-01-30T09:31:17,0
2026-01-30T09:32:16,0
2026-01-30T09:33:17,0
2026-01-30T09:34:17,0
2026-01-30T09:35:17,0
2026-01-30T09:36:17,0
2026-01-30T09:37:17,0
2026-01-30T09:38:17,0
2026-01-30T09:39:17,0
2026-01-30T09:40:17,0
2026-01-30T09:41:17,0
2026-01-30T09:42:17,0
2026-01-30T09:43:17,0
2026-01-30T09:44:17,0
2026-01-30T09:45:17,0
2026-01-30T09:46:17,0
2026-01-30T09:47:18,0
2026-01-30T09:48:17,0
2026-01-30T09:49:18,0
2026-01-30T09:50:18,0
2026-01-30T09:51:18,0
2026-01-30T09:52:18,0
2026-01-30T09:53:18,0
2026-01-30T09:54:18,0
2026-01-30T09:55:18,0
2026-01-30T09:56:18,0
2026-01-30T09:57:18,0
2026-01-30T09:58:18,0
2026-01-30T09:59:20,0
2026-01-30T10:00:18,0
2026-01-30T10:01:18,0
2026-01-30T10:02:18,0
2026-01-30T10:03:18,0
2026-01-30T10:04:19,0
2026-01-30T10:05:19,0
2026-01-30T10:06:19,0
2026-01-30T10:07:19,0
2026-01-30T10:08:19,0
2026-01-30T10:09:19,0
2026-01-30T10:10:19,0
2026-01-30T10:11:19,0
2026-01-30T10:12:19,0
2026-01-30T10:13:19,0
2026-01-30T10:14:19,0
2026-01-30T10:15:19,0
2026-01-30T10:16:20,0
2026-01-30T10:17:19,0
2026-01-30T10:18:19,0
2026-01-30T10:19:20,0
2026-01-30T10:20:20,0
2026-01-30T10:21:20,0
2026-01-30T10:22:20,0
2026-01-30T10:23:20,0
2026-01-30T10:24:20,0
2026-01-30T10:25:20,0
2026-01-30T10:26:20,0
2026-01-30T10:27:20,0
2026-01-30T10:28:20,0
2026-01-30T10:29:20,0
2026-01-30T10:30:20,0
2026-01-30T10:31:20,0
2026-01-30T10:32:20,0
2026-01-30T10:33:20,0
2026-01-30T10:34:21,0
2026-01-30T10:35:21,0
2026-01-30T10:36:21,0
2026-01-30T10:37:21,0
2026-01-30T10:38:21,0
2026-01-30T10:39:21,0
2026-01-30T10:40:21,0
2026-01-30T10:41:21,0
2026-01-30T10:42:21,0
2026-01-30T10:43:21,0
2026-01-30T10:44:21,0
2026-01-30T10:45:21,0
2026-01-30T10:46:22,0
2026-01-30T10:47:21,0
2026-01-30T10:48:21,0
2026-01-30T10:49:22,0
2026-01-30T10:50:22,0
2026-01-30T10:51:22,0
2026-01-30T10:52:22,0
2026-01-30T10:53:22,0
2026-01-30T10:54:22,0
2026-01-30T10:55:22,0
2026-01-30T10:56:22,0
2026-01-30T10:57:22,0
2026-01-30T10:58:22,0
2026-01-30T10:59:22,0
2026-01-30T11:00:22,0
2026-01-30T11:01:22,0
2026-01-30T11:02:23,0
2026-01-30T11:03:22,0
2026-01-30T11:04:23,0
2026-01-30T11:05:23,0
2026-01-30T11:06:23,0
2026-01-30T11:07:23,0
2026-01-30T11:08:23,0
2026-01-30T11:09:23,0
2026-01-30T11:10:23,0
2026-01-30T11:11:23,0
2026-01-30T11:12:23,0
2026-01-30T11:13:23,0
2026-01-30T11:14:23,0
2026-01-30T11:15:23,0
2026-01-30T11:16:23,0
2026-01-30T11:17:24,0
2026-01-30T11:18:23,0
2026-01-30T11:19:24,0
2026-01-30T11:20:24,0
2026-01-30T11:21:24,0
2026-01-30T11:22:24,0
2026-01-30T11:23:24,0
2026-01-30T11:24:24,0
2026-01-30T11:25:24,0
2026-01-30T11:26:24,0
2026-01-30T11:27:24,0
2026-01-30T11:28:24,0
2026-01-30T11:29:24,0
2026-01-30T11:30:24,0
2026-01-30T11:31:24,0
2026-01-30T11:32:24,0
2026-01-30T11:33:24,0
2026-01-30T11:34:25,0
2026-01-30T11:35:25,0
2026-01-30T11:36:24,0
2026-01-30T11:37:25,0
2026-01-30T11:38:25,0
2026-01-30T11:39:25,0
2026-01-30T11:40:25,0
2026-01-30T11:41:25,0
2026-01-30T11:42:25,0
2026-01-30T11:43:25,0
2026-01-30T11:44:25,0
2026-01-30T11:45:25,0
2026-01-30T11:46:25,0
2026-01-30T11:47:25,0
2026-01-30T11:48:25,0
2026-01-30T11:49:26,0
2026-01-30T11:50:25,0
2026-01-30T11:51:26,0
2026-01-30T11:52:26,0
2026-01-30T11:53:26,0
2026-01-30T11:54:26,0
2026-01-30T11:55:26,0
2026-01-30T11:56:26,0
2026-01-30T11:57:26,0
2026-01-30T11:58:26,0
2026-01-30T11:59:26,0
2026-01-30T12:00:26,0
2026-01-30T12:01:26,0
2026-01-30T12:02:26,0
2026-01-30T12:03:26,0
2026-01-30T12:04:26,0
2026-01-30T12:05:26,0
2026-01-30T12:06:27,0
2026-01-30T12:07:26,0
2026-01-30T12:08:27,0
2026-01-30T12:09:27,0
2026-01-30T12:10:27,0
2026-01-30T12:11:27,0
2026-01-30T12:12:27,0
2026-01-30T12:13:27,0
2026-01-30T12:14:27,0
2026-01-30T12:15:27,0
2026-01-30T12:16:27,0
2026-01-30T12:17:27,0
2026-01-30T12:18:27,0
2026-01-30T12:19:27,0
2026-01-30T12:20:28,0
2026-01-30T12:21:28,0
2026-01-30T12:22:27,0
2026-01-30T12:23:28,0
2026-01-30T12:24:28,0
2026-01-30T12:25:28,0
2026-01-30T12:26:28,0
2026-01-30T12:27:28,0
2026-01-30T12:28:28,0
2026-01-30T12:29:28,0
2026-01-30T12:30:28,0
2026-01-30T12:31:28,0
2026-01-30T12:32:28,0
2026-01-30T12:33:28,0
2026-01-30T12:34:29,0
2026-01-30T12:35:28,0
2026-01-30T12:36:28,0
2026-01-30T12:37:29,0
2026-01-30T12:38:28,0
2026-01-30T12:39:29,0
2026-01-30T12:40:29,0
2026-01-30T12:41:29,0
2026-01-30T12:42:29,0
2026-01-30T12:43:29,0
2026-01-30T12:44:29,0
2026-01-30T12:45:29,0
2026-01-30T12:46:29,0
2026-01-30T12:47:29,0
2026-01-30T12:48:29,0
2026-01-30T12:49:29,0
2026-01-30T12:50:29,0
2026-01-30T12:51:30,0
2026-01-30T12:52:29,0
2026-01-30T12:53:30,0
2026-01-30T12:54:30,0
2026-01-30T12:55:29,0
2026-01-30T12:56:30,0
2026-01-30T12:57:30,0
2026-01-30T12:58:30,0
2026-01-30T12:59:30,0
2026-01-30T13:00:30,0
2026-01-30T13:01:30,0
2026-01-30T13:02:30,0
2026-01-30T13:03:30,0
2026-01-30T13:04:30,0
2026-01-30T13:05:31,0
2026-01-30T13:06:30,0
2026-01-30T13:07:30,0
2026-01-30T13:08:31,0
2026-01-30T13:09:31,0
2026-01-30T13:10:30,0
2026-01-30T13:11:31,0
2026-01-30T13:12:31,0
2026-01-30T13:13:31,0
2026-01-30T13:14:31,0
2026-01-30T13:15:31,0
2026-01-30T13:16:31,0
2026-01-30T13:17:31,0
2026-01-30T13:18:31,0
2026-01-30T13:19:31,0
2026-01-30T13:20:31,0
2026-01-30T13:21:31,0
2026-01-30T13:22:31,0
2026-01-30T13:23:32,0
2026-01-30T13:24:31,0
2026-01-30T13:25:32,0
2026-01-30T13:26:32,0
2026-01-30T13:27:32,0
2026-01-30T13:28:32,0
2026-01-30T13:29:32,0
2026-01-30T13:30:32,0
2026-01-30T13:31:32,0
2026-01-30T13:32:32,0
2026-01-30T13:33:32,0
2026-01-30T13:34:32,0
2026-01-30T13:35:32,0
2026-01-30T13:36:32,0
2026-01-30T13:37:32,0
2026-01-30T13:38:32,0
2026-01-30T13:39:32,0
2026-01-30T13:40:32,0
2026-01-30T13:41:33,0
2026-01-30T13:42:33,0
2026-01-30T13:43:33,0
2026-01-30T13:44:33,0
2026-01-30T13:45:33,0
2026-01-30T13:46:33,0
2026-01-30T13:47:33,0
2026-01-30T13:48:33,0
2026-01-30T13:49:33,0
2026-01-30T13:50:33,0
2026-01-30T13:51:33,0
2026-01-30T13:52:33,0
2026-01-30T13:53:33,0
2026-01-30T13:54:33,0
2026-01-30T13:55:33,0
2026-01-30T13:56:33,0
2026-01-30T13:57:34,0
2026-01-30T13:58:33,0
2026-01-30T13:59:34,0
2026-01-30T14:00:34,0
2026-01-30T14:01:34,0
2026-01-30T14:02:34,0
2026-01-30T14:03:34,0
2026-01-30T14:04:34,0
2026-01-30T14:05:34,0
2026-01-30T14:06:34,0
2026-01-30T14:07:34,0
2026-01-30T14:08:34,0
2026-01-30T14:09:34,0
2026-01-30T14:10:35,0
2026-01-30T14:11:34,0
2026-01-30T14:12:34,0
2026-01-30T14:13:35,0
2026-01-30T14:14:34,0
2026-01-30T14:15:35,0
2026-01-30T14:16:35,0
2026-01-30T14:17:35,0
2026-01-30T14:18:35,0
2026-01-30T14:19:35,0
2026-01-30T14:20:35,0
2026-01-30T14:21:35,0
2026-01-30T14:22:35,0
2026-01-30T14:23:35,0
2026-01-30T14:24:35,0
2026-01-30T14:25:35,0
2026-01-30T14:26:35,0
2026-01-30T14:27:35,0
2026-01-30T14:28:35,0
2026-01-30T14:29:36,0
2026-01-30T14:30:36,0
2026-01-30T14:31:35,0
2026-01-30T14:32:36,0
2026-01-30T14:33:36,0
2026-01-30T14:34:36,0
2026-01-30T14:35:36,0
2026-01-30T14:36:36,0
2026-01-30T14:37:36,0
2026-01-30T14:38:36,0
2026-01-30T14:39:36,0
2026-01-30T14:40:36,0
2026-01-30T14:41:36,0
2026-01-30T14:42:36,0
2026-01-30T14:43:37,0
2026-01-30T14:44:36,0
2026-01-30T14:45:36,0
2026-01-30T14:46:37,0
2026-01-30T14:47:37,0
2026-01-30T14:48:37,0
2026-01-30T14:49:37,0
2026-01-30T14:50:37,0
2026-01-30T14:51:37,0
2026-01-30T14:52:37,0
2026-01-30T14:53:37,0
2026-01-30T14:54:37,0
2026-01-30T14:55:37,0
2026-01-30T14:56:37,0
2026-01-30T14:57:37,0
2026-01-30T14:58:37,0
2026-01-30T14:59:37,0
2026-01-30T15:00:37,0
2026-01-30T15:01:37,0
2026-01-30T15:02:38,0
2026-01-30T15:03:38,0
2026-01-30T15:04:38,0
2026-01-30T15:05:38,0
2026-01-30T15:06:38,0
2026-01-30T15:07:38,0
2026-01-30T15:08:38,0
2026-01-30T15:09:38,0
2026-01-30T15:10:38,0
2026-01-30T15:11:38,0
2026-01-30T15:12:38,0
2026-01-30T15:13:38,0
2026-01-30T15:14:38,0
2026-01-30T15:15:38,0
2026-01-30T15:16:39,0
2026-01-30T15:17:38,0
2026-01-30T15:18:39,0
2026-01-30T15:19:39,0
2026-01-30T15:20:38,0
2026-01-30T15:21:39,0
2026-01-30T15:22:39,0
2026-01-30T15:23:39,0
2026-01-30T15:24:39,0
2026-01-30T15:25:39,0
2026-01-30T15:26:39,0
2026-01-30T15:27:39,0
2026-01-30T15:28:39,0
2026-01-30T15:29:39,0
2026-01-30T15:30:39,0
2026-01-30T15:31:39,0
2026-01-30T15:32:39,0
2026-01-30T15:33:40,0
2026-01-30T15:34:39,0
2026-01-30T15:35:40,0
2026-01-30T15:36:40,0
2026-01-30T15:37:39,0
2026-01-30T15:38:40,0
2026-01-30T15:39:40,0
2026-01-30T15:40:40,0
2026-01-30T15:41:40,0
2026-01-30T15:42:40,0
2026-01-30T15:43:40,0
2026-01-30T15:44:40,0
2026-01-30T15:45:40,0
2026-01-30T15:46:40,0
2026-01-30T15:47:41,0
2026-01-30T15:48:40,0
2026-01-30T15:49:40,0
2026-01-30T15:50:41,0
2026-01-30T15:51:41,0
2026-01-30T15:52:40,0
2026-01-30T15:53:41,0
2026-01-30T15:54:41,0
2026-01-30T15:55:41,0
2026-01-30T15:56:41,0
2026-01-30T15:57:41,0
2026-01-30T15:58:41,0
2026-01-30T15:59:41,0
2026-01-30T16:00:41,0
2026-01-30T16:01:41,0
2026-01-30T16:02:41,0
2026-01-30T16:03:42,0
2026-01-30T16:04:41,0
2026-01-30T16:05:41,0
2026-01-30T16:06:42,0
2026-01-30T16:07:42,0
2026-01-30T16:08:41,0
2026-01-30T16:09:42,0
2026-01-30T16:10:42,0
2026-01-30T16:11:42,0
2026-01-30T16:12:42,0
2026-01-30T16:13:42,0
2026-01-30T16:14:42,0
2026-01-30T16:15:42,0
2026-01-30T16:16:42,0
2026-01-30T16:17:42,0
2026-01-30T16:18:42,0
2026-01-30T16:19:42,0
2026-01-30T16:20:42,0
2026-01-30T16:21:43,0
2026-01-30T16:22:42,0
2026-01-30T16:23:43,0
2026-01-30T16:24:43,0
2026-01-30T16:25:43,0
2026-01-30T16:26:43,0
2026-01-30T16:27:43,0
2026-01-30T16:28:43,0
2026-01-30T16:29:43,0
2026-01-30T16:30:43,0
2026-01-30T16:31:43,0
2026-01-30T16:32:44,0
2026-01-30T16:33:43,0
2026-01-30T16:34:43,0
2026-01-30T16:35:43,0
2026-01-30T16:36:43,0
2026-01-30T16:37:43,0
2026-01-30T16:38:44,0
2026-01-30T16:39:44,0
2026-01-30T16:40:44,0
2026-01-30T16:41:44,0
2026-01-30T16:42:44,0
2026-01-30T16:43:44,0
2026-01-30T16:44:44,0
2026-01-30T16:45:44,0
2026-01-30T16:46:44,0
2026-01-30T16:47:44,0
2026-01-30T16:48:44,0
2026-01-30T16:49:44,0
2026-01-30T16:50:44,0
2026-01-30T16:51:44,0
2026-01-30T16:52:44,0
2026-01-30T16:53:45,0
2026-01-30T16:54:44,0
2026-01-30T16:55:45,0
2026-01-30T16:56:45,0
2026-01-30T16:57:45,0
2026-01-30T16:58:45,0
2026-01-30T16:59:45,0
2026-01-30T17:00:45,0
2026-01-30T17:01:45,0
2026-01-30T17:02:45,0
2026-01-30T17:03:45,0
2026-01-30T17:04:45,0
2026-01-30T17:05:45,0
2026-01-30T17:06:45,0
2026-01-30T17:07:45,0
2026-01-30T17:08:45,0
2026-01-30T17:09:46,0
2026-01-30T17:10:46,0
2026-01-30T17:11:45,0
2026-01-30T17:12:46,0
2026-01-30T17:13:46,0
2026-01-30T17:14:46,0
2026-01-30T17:15:46,0
2026-01-30T17:16:46,0
2026-01-30T17:17:46,0
2026-01-30T17:18:46,0
2026-01-30T17:19:46,0
2026-01-30T17:20:46,0
2026-01-30T17:21:46,0
2026-01-30T17:22:46,0
2026-01-30T17:23:46,0
2026-01-30T17:24:47,0
2026-01-30T17:25:46,0
2026-01-30T17:26:47,0
2026-01-30T17:27:48,0
2026-01-30T17:28:47,0
2026-01-30T17:29:47,0
2026-01-30T17:30:47,0
2026-01-30T17:31:47,0
2026-01-30T17:32:47,0
2026-01-30T17:33:47,0
2026-01-30T17:34:47,0
2026-01-30T17:35:47,0
2026-01-30T17:36:47,0
2026-01-30T17:37:47,0
2026-01-30T17:38:47,0
2026-01-30T17:39:48,0
2026-01-30T17:40:47,0
2026-01-30T17:41:47,0
2026-01-30T17:42:48,0
2026-01-30T17:43:47,0
2026-01-30T17:44:48,0
2026-01-30T17:45:48,0
2026-01-30T17:46:48,0
2026-01-30T17:47:48,0
2026-01-30T17:48:48,0
2026-01-30T17:49:48,0
2026-01-30T17:50:48,0
2026-01-30T17:51:48,0
2026-01-30T17:52:48,0
2026-01-30T17:53:48,0
2026-01-30T17:54:48,0
2026-01-30T17:55:48,0
2026-01-30T17:56:49,0
2026-01-30T17:57:48,0
2026-01-30T17:58:49,0
2026-01-30T17:59:49,0
2026-01-30T18:00:48,0
2026-01-30T18:01:49,0
2026-01-30T18:02:49,0
